{
  "project_info": {
    "project_number": "1089228353429",
    "firebase_url": "https://appperongsok-default-rtdb.firebaseio.com",
    "project_id": "appperongsok",
    "storage_bucket": "appperongsok.appspot.com"
  },
  "client": [
    {
      "client_info": {
        "mobilesdk_app_id": "1:1089228353429:android:963dc8f2b287c90897109c",
        "android_client_info": {
          "package_name": "com.azismihsan.appperongsok"
        }
      },
      "oauth_client": [
        {
          "client_id": "1089228353429-gbkaavterk38mcqvk085gg1j2pm48dkn.apps.googleusercontent.com",
          "client_type": 3
        }
      ],
      "api_key": [
        {
          "current_key": "AIzaSyB2kBPir7mNkmJntU1JK3LYt-B_CBypAww"
        }
      ],
      "services": {
        "appinvite_service": {
          "other_platform_oauth_client": [
            {
              "client_id": "1089228353429-gbkaavterk38mcqvk085gg1j2pm48dkn.apps.googleusercontent.com",
              "client_type": 3
            }
          ]
        }
      }
    },
    {
      "client_info": {
        "mobilesdk_app_id": "1:1089228353429:android:135a402ee8983cad97109c",
        "android_client_info": {
          "package_name": "com.azismihsan.firebaseclient"
        }
      },
      "oauth_client": [
        {
          "client_id": "1089228353429-gbkaavterk38mcqvk085gg1j2pm48dkn.apps.googleusercontent.com",
          "client_type": 3
        }
      ],
      "api_key": [
        {
          "current_key": "AIzaSyB2kBPir7mNkmJntU1JK3LYt-B_CBypAww"
        }
      ],
      "services": {
        "appinvite_service": {
          "other_platform_oauth_client": [
            {
              "client_id": "1089228353429-gbkaavterk38mcqvk085gg1j2pm48dkn.apps.googleusercontent.com",
              "client_type": 3
            }
          ]
        }
      }
    }
  ],
  "configuration_version": "1"
}